category,sub_category,name,source,url,filename,text_file,pages,size_kb,word_count,downloaded_at
RAI Advocacy,Webpage Content,Representation on Operational and Commercial Challenges in Implementation of Deposit Refund System (DRS) w.e.f. 2nd April 2026,rai.net.in,https://www.rai.net.in/single.php?id=272,,Representation_on_Operational_and_Commercial_Challenges_in_Implementation_of_Dep_webpage.txt,0,0.1,17,2026-02-23T16:34:44.624819
RAI Advocacy,Webpage Content,RAI Submission regarding operational hardship faced by retailers due to restrictions placed on bank accounts on directions of law enforcement authorities,rai.net.in,https://www.rai.net.in/single.php?id=271,,RAI_Submission_regarding_operational_hardship_faced_by_retailers_due_to_restrict_webpage.txt,0,0.1,21,2026-02-23T16:34:53.145173
RAI Advocacy,Webpage Content,"Meeting regarding Proposed exemption of amusement machines from the safety of household, commercial and similar electrical appliances (quality control) order, 2025",rai.net.in,https://www.rai.net.in/single.php?id=269,,Meeting_regarding_Proposed_exemption_of_amusement_machines_from_the_safety_of_ho_webpage.txt,0,0.2,21,2026-02-23T16:35:00.098177
RAI Advocacy,Webpage Content,"Haryana Government notified the draft of the Haryana Transgender Persons (Protection of Rights) Rules, 2024",rai.net.in,https://www.rai.net.in/single.php?id=241,,Haryana_Government_notified_the_draft_of_the_Haryana_Transgender_Persons_Protect_webpage.txt,0,0.1,15,2026-02-23T16:36:02.001640
RAI Advocacy,Webpage Content,RAI appeal to reconsider the amendment notified based on the proposal made in the 54th GST council meeting on renting of commercial immovable property by an un-registered person to registered person under RCM mechanism,rai.net.in,https://www.rai.net.in/single.php?id=230,,RAI_appeal_to_reconsider_the_amendment_notified_based_on_the_proposal_made_in_th_webpage.txt,0,0.2,34,2026-02-23T16:36:40.893541
RAI Advocacy,Webpage Content,"RAI appeal to Operate Shops for 365 Days and Exemption from Section 13 of Jammu and Kashmir Shops and Establishments Act,1966 (the “Act”)",rai.net.in,https://www.rai.net.in/single.php?id=229,,RAI_appeal_to_Operate_Shops_for_365_Days_and_Exemption_from_Section_13_of_Jammu__webpage.txt,0,0.1,23,2026-02-23T16:36:51.127486
RAI Advocacy,Webpage Content,Representation to multiple states regarding use Synthetic Magnesium Silicate in the Restaurant industry,rai.net.in,https://www.rai.net.in/single.php?id=221,,Representation_to_multiple_states_regarding_use_Synthetic_Magnesium_Silicate_in__webpage.txt,0,0.1,13,2026-02-23T16:37:11.083245
RAI Advocacy,Webpage Content,"Issue wrt nomination of a person other than a Director under Section 49 of the Legal Metrology Act, 2009 read with Rule 29 of the Legal Metrology (General) Rules, 2011",rai.net.in,https://www.rai.net.in/single.php?id=214,,Issue_wrt_nomination_of_a_person_other_than_a_Director_under_Section_49_of_the_L_webpage.txt,0,0.2,30,2026-02-23T16:37:31.519259
RAI Advocacy,Webpage Content,"Workshop on Plastic Waste Management, Intellectual Property Rights and Digital Personal Data Protection Act organised in Mumbai",rai.net.in,https://www.rai.net.in/single.php?id=205,,Workshop_on_Plastic_Waste_Management_Intellectual_Property_Rights_and_Digital_Pe_webpage.txt,0,0.1,17,2026-02-23T16:38:02.941293
RAI Advocacy,Webpage Content,"RAI appeals to the State Governments of Karnataka, Delhi, Haryana to reconsider the level of restrictions",rai.net.in,https://www.rai.net.in/single.php?id=150,,RAI_appeals_to_the_State_Governments_of_Karnataka_Delhi_Haryana_to_reconsider_th_webpage.txt,0,0.1,16,2026-02-23T16:40:45.560444
RAI Advocacy,Webpage Content,"RAI submitted a representation to Legal Metrology Department on proposed amendment of the Legal Metrology (Packaged Commodities) Rules, 2011",rai.net.in,https://www.rai.net.in/single.php?id=149,,RAI_submitted_a_representation_to_Legal_Metrology_Department_on_proposed_amendme_webpage.txt,0,0.1,19,2026-02-23T16:40:48.022125
RAI Advocacy,Webpage Content,"RAI’s appeal for opening up the non-essentials retail activities in Delhi, Rajasthan, Maharashtra and other states.",rai.net.in,https://www.rai.net.in/single.php?id=142,,RAIs_appeal_for_opening_up_the_non-essentials_retail_activities_in_Delhi_Rajasth_webpage.txt,0,0.1,16,2026-02-23T16:40:52.257494
RAI Advocacy,Webpage Content,RAI appeals to the Ministry of Finance and DPIIT to save the Retail industry in India under ECLGS 3.0,rai.net.in,https://www.rai.net.in/single.php?id=138,,RAI_appeals_to_the_Ministry_of_Finance_and_DPIIT_to_save_the_Retail_industry_in__webpage.txt,0,0.1,19,2026-02-23T16:41:04.425184
RAI Advocacy,Webpage Content,Writ petition filed by RAI with regard to the advertisement policy issued by the Greater Hyderabad Municipal Corporation (GHMC),rai.net.in,https://www.rai.net.in/single.php?id=128,,Writ_petition_filed_by_RAI_with_regard_to_the_advertisement_policy_issued_by_the_webpage.txt,0,0.1,19,2026-02-23T16:41:07.212712
RAI Advocacy,Webpage Content,"RAI appeals to the state governments of Maharashtra, Telangana and Delhi to permit the opening of entertainment parks and indoor amusement parks",rai.net.in,https://www.rai.net.in/single.php?id=126,,RAI_appeals_to_the_state_governments_of_Maharashtra_Telangana_and_Delhi_to_permi_webpage.txt,0,0.1,22,2026-02-23T16:41:13.564233
RAI Advocacy,Webpage Content,"RAI seeks FSSAI’s intervention on School Children Regulation i.e. ""Restriction on sale of HFSS foods within 50 metres from school premises""",rai.net.in,https://www.rai.net.in/single.php?id=131,,RAI_seeks_FSSAIs_intervention_on_School_Children_Regulation_ie_Restriction_on_sa_webpage.txt,0,0.1,21,2026-02-23T16:41:24.570174
RAI Advocacy,Webpage Content,RAI appeals to the State Government of Uttar Pradesh and Uttarakhand to permit 365 days store operations,rai.net.in,https://www.rai.net.in/single.php?id=132,,RAI_appeals_to_the_State_Government_of_Uttar_Pradesh_and_Uttarakhand_to_permit_3_webpage.txt,0,0.1,17,2026-02-23T16:41:28.602503
RAI Advocacy,Webpage Content,RAI representation to Greater Hyderabad Municipal Corporation regarding implementation of the Advertisement policy issued on 20th April 2020,rai.net.in,https://www.rai.net.in/single.php?id=134,,RAI_representation_to_Greater_Hyderabad_Municipal_Corporation_regarding_implemen_webpage.txt,0,0.1,18,2026-02-23T16:41:34.853698
RAI Advocacy,Webpage Content,"Bijou Kurien takes over as Chairman, Kulin Lalbhai as the Vice Chairman of the Retailers Association Of India (RAI)",rai.net.in,https://www.rai.net.in/single.php?id=117,,Bijou_Kurien_takes_over_as_Chairman_Kulin_Lalbhai_as_the_Vice_Chairman_of_the_Re_webpage.txt,0,0.1,19,2026-02-23T16:41:39.726438
RAI Advocacy,Webpage Content,RAI welcomes the governments decision to lower GST rate on job work of all textile products from 18 percent to 5 percent,rai.net.in,https://www.rai.net.in/single.php?id=36,,RAI_welcomes_the_governments_decision_to_lower_GST_rate_on_job_work_of_all_texti_webpage.txt,0,0.1,22,2026-02-23T16:43:31.176849
RAI Advocacy,Webpage Content,Government of Karnataka announces first Retail Trade Policy for promoting ease of doing business in the state,rai.net.in,https://www.rai.net.in/single.php?id=49,,Government_of_Karnataka_announces_first_Retail_Trade_Policy_for_promoting_ease_o_webpage.txt,0,0.1,17,2026-02-23T16:44:05.214909
RAI Advocacy,Webpage Content,Retailers stand united to ensure enforcement of new DIPP guidelines on FDI in E-commerce marketplace to ensure compliance with the laws of the land,rai.net.in,https://www.rai.net.in/single.php?id=53,,Retailers_stand_united_to_ensure_enforcement_of_new_DIPP_guidelines_on_FDI_in_E-_webpage.txt,0,0.1,24,2026-02-23T16:44:13.950263
RAI Advocacy,Webpage Content,"RAI's submission to Ministry of Forests, Ecology and Environment in regard to ban on plastic products",rai.net.in,https://www.rai.net.in/single.php?id=58,,RAIs_submission_to_Ministry_of_Forests_Ecology_and_Environment_in_regard_to_ban__webpage.txt,0,0.1,16,2026-02-23T16:44:27.322833
RAI Advocacy,Webpage Content,Retailers Association of India applauds the Delhi High Court stand on AIFMRA petition regarding FDI in online marketplaces,rai.net.in,https://www.rai.net.in/single.php?id=64,,Retailers_Association_of_India_applauds_the_Delhi_High_Court_stand_on_AIFMRA_pet_webpage.txt,0,0.1,18,2026-02-23T16:44:36.242211
RAI Advocacy,Webpage Content,Turnover of 50 crores will be considered for that Municipal corporation only as per Notification No. LBT. 2015 / C.R. 42 / UD-32 dated 15 September 2015,rai.net.in,https://www.rai.net.in/single.php?id=65,,Turnover_of_50_crores_will_be_considered_for_that_Municipal_corporation_only_as__webpage.txt,0,0.1,27,2026-02-23T16:44:38.342695
RAI Advocacy,Webpage Content,Action taken as per members request to seek parity between Brick-and-Mortar and E-commerce businesses,rai.net.in,https://www.rai.net.in/single.php?id=71,,Action_taken_as_per_members_request_to_seek_parity_between_Brick-and-Mortar_and__webpage.txt,0,0.1,14,2026-02-23T16:44:58.082196
RAI Advocacy,Webpage Content,Retailers in Maharashtra are now permitted to maintain various labour registers in an electronic format,rai.net.in,https://www.rai.net.in/single.php?id=74,,Retailers_in_Maharashtra_are_now_permitted_to_maintain_various_labour_registers__webpage.txt,0,0.1,15,2026-02-23T16:45:10.632127
RAI Advocacy,Webpage Content,RAI represents to Municipal Corporation of Greater Mumbai (MGCM) to not consider signages in the business area as advertisements and to exempt them from the fees,rai.net.in,https://www.rai.net.in/single.php?id=77,,RAI_represents_to_Municipal_Corporation_of_Greater_Mumbai_MGCM_to_not_consider_s_webpage.txt,0,0.2,26,2026-02-23T16:45:19.500568
RAI Advocacy,Webpage Content,Government of Maharashtra asks Retailers Association of India (RAI) to formulate Retail Trade Policy for the state.,rai.net.in,https://www.rai.net.in/single.php?id=78,,Government_of_Maharashtra_asks_Retailers_Association_of_India_RAI_to_formulate_R_webpage.txt,0,0.1,17,2026-02-23T16:45:23.417724
RAI Advocacy,Webpage Content,RAI representatives submitted representation to Pune Municipal Commissioner regarding notification to charge Rs. 15/- per plastic size,rai.net.in,https://www.rai.net.in/single.php?id=81,,RAI_representatives_submitted_representation_to_Pune_Municipal_Commissioner_rega_webpage.txt,0,0.1,17,2026-02-23T16:45:35.275126
RAI Advocacy,Webpage Content,Retailers can keep their stores open 14 hours a day from 10th October to 26th October 2014 in the state of Maharashtra,rai.net.in,https://www.rai.net.in/single.php?id=83,,Retailers_can_keep_their_stores_open_14_hours_a_day_from_10th_October_to_26th_Oc_webpage.txt,0,0.1,22,2026-02-23T16:45:39.670263
RAI Advocacy,Webpage Content,Supreme Court issues stay on Himachal Pradesh High Courtâ€™s judgement to ban selling food items in plastic material,rai.net.in,https://www.rai.net.in/single.php?id=93,,Supreme_Court_issues_stay_on_Himachal_Pradesh_High_Courtâs_judgement_to_ban_sell_webpage.txt,0,0.1,18,2026-02-23T16:46:03.173181
RAI Advocacy,Webpage Content,RAI seeks permission to allow retailers to maintain labour registers in electronic form in Maharashtra,rai.net.in,https://www.rai.net.in/single.php?id=95,,RAI_seeks_permission_to_allow_retailers_to_maintain_labour_registers_in_electron_webpage.txt,0,0.1,15,2026-02-23T16:46:08.108305
RAI Advocacy,Webpage Content,Heavy weight courier allowed to be cleared through courier terminal in Mumbai Airport in response to RAIâ€™s representation,rai.net.in,https://www.rai.net.in/single.php?id=96,,Heavy_weight_courier_allowed_to_be_cleared_through_courier_terminal_in_Mumbai_Ai_webpage.txt,0,0.1,18,2026-02-23T16:46:10.569177
RAI Advocacy,Webpage Content,"Retailers (Multiple Outlets) and Large Departmental Retailers are exempted from stock holding limits under the Essential Commodities Act, 1955",rai.net.in,https://www.rai.net.in/single.php?id=62,,Retailers_Multiple_Outlets_and_Large_Departmental_Retailers_are_exempted_from_st_webpage.txt,0,0.1,19,2026-02-23T16:46:33.275734
RAI Advocacy,Webpage Content,FSSAI appeal to include Category 8 and 9 in FSSAI License for retail/trade of pre packed non-veg products without demanding NOC/license from respective Municipal Corporation,rai.net.in,https://www.rai.net.in/single.php?id=175,,FSSAI_appeal_to_include_Category_8_and_9_in_FSSAI_License_for_retailtrade_of_pre_webpage.txt,0,0.2,25,2026-02-23T16:46:47.597220
RAI Advocacy,Webpage Content,4.	Prohibition on serving/sale of Non- vegetarian dishes within 10 km radius of Air Force station Yelahanka from 30th January 2023 to 20th February 2023 due to Aero India–2023,rai.net.in,https://www.rai.net.in/single.php?id=186,,4_Prohibition_on_servingsale_of_Non-_vegetarian_dishes_within_10_km_radius_of_Ai_webpage.txt,0,0.2,29,2026-02-23T16:46:53.111581
RAI Advocacy,Advocacy Update,https://qrs.ly/83h9a58,rai.net.in,https://rai.net.in/Advocacy_Files/DRS-Scheme_Goa_CS_RAI-Submission.pdf,httpsqrsly83h9a58_a9d467.pdf,httpsqrsly83h9a58_a9d467.txt,3,280.5,768,2026-02-23T16:47:15.201415
RAI Advocacy,Advocacy Update,https://qrs.ly/ukh8v58,rai.net.in,https://rai.net.in/Advocacy_Files/RAI-submission_MHA.pdf,httpsqrslyukh8v58_2ebfd9.pdf,httpsqrslyukh8v58_2ebfd9.txt,3,275.6,1021,2026-02-23T16:47:21.658986
RAI Advocacy,Advocacy Update,https://qrs.ly/ixh83oh,rai.net.in,https://rai.net.in/Advocacy_Files/DPDP-Retail.pdf,httpsqrslyixh83oh_586386.pdf,httpsqrslyixh83oh_586386.txt,6,267.8,1236,2026-02-23T16:47:27.592229
RAI Advocacy,Advocacy Update,Click here to view,rai.net.in,https://rai.net.in/Advocacy_Files/representation-for-waiver-of-qco-for-feciac.pdf,Click_here_to_view_3a0cd9.pdf,Click_here_to_view_3a0cd9.txt,3,283.0,846,2026-02-23T16:47:35.478385
RAI Advocacy,Advocacy Update,Click here to Download,rai.net.in,https://rai.net.in/Advocacy_Files/CBIC-N-No.-9-2025-Central-Tax-Rate.pdf,Click_here_to_Download_4b0443.pdf,Click_here_to_Download_4b0443.txt,52,552.5,27901,2026-02-23T16:47:50.858773
RAI Advocacy,Advocacy Update,Click here to Download,rai.net.in,https://www.rai.net.in/Advocacy_Files/Permission-to-the-Manufacturers-or-Packerts-or-Importers.pdf,Click_here_to_Download_49f647.pdf,Click_here_to_Download_49f647.txt,2,590.9,0,2026-02-23T16:47:59.537337
RAI Advocacy,Advocacy Update,Click here to Download,rai.net.in,https://rai.net.in/Advocacy_Files/GST-revision-permission-1.pdf,Click_here_to_Download_a811ee.pdf,Click_here_to_Download_a811ee.txt,2,386.0,0,2026-02-23T16:48:07.796126
RAI Advocacy,Advocacy Update,Click here to Download,rai.net.in,https://rai.net.in/RAI_GST_Rate_Rivision_Advisory_Sep%202025_WA.pdf,Click_here_to_Download_fc0cb7.pdf,Click_here_to_Download_fc0cb7.txt,5,159.2,1053,2026-02-23T16:48:23.858046
RAI Advocacy,Advocacy Update,https://rai.net.in/Advocacy_Files/leather-and-other-materials-qco-2024.pdf,rai.net.in,https://rai.net.in/Advocacy_Files/leather-and-other-materials-qco-2024.pdf,httpsrainetinAdvocacy_Filesleather-and-other-materials-qco-2024pdf_5b63ae.pdf,httpsrainetinAdvocacy_Filesleather-and-other-materials-qco-2024pdf_5b63ae.txt,4,1165.5,1501,2026-02-23T16:49:18.586665
RAI Advocacy,Advocacy Update,"Meeting with Ministry of Consumer Affairs, Government of India",rai.net.in,http://www.rai.net.in/E-Mailers/LM_FAQs.pdf,Meeting_with_Ministry_of_Consumer_Affairs_Government_of_India_26b168.pdf,Meeting_with_Ministry_of_Consumer_Affairs_Government_of_India_26b168.txt,14,707.8,2638,2026-02-23T16:49:25.237854
RAI Advocacy,Advocacy Update,composite book,rai.net.in,http://www.rai.net.in/E-Mailers/LM_PCR_All_Amendements.pdf,composite_book_203faf.pdf,composite_book_203faf.txt,56,955.1,18802,2026-02-23T16:49:37.007198
RAI Advocacy,Advocacy Update,Delhi,rai.net.in,https://rai.net.in/Advocacy_Files/covid-19/RAI%20appeal_Retail%20Store%20operation_Delhi.pdf,Delhi_2da52e.pdf,Delhi_2da52e.txt,2,776.0,506,2026-02-23T16:49:44.933400
RAI Advocacy,Advocacy Update,RAI appeals to the Ministry of Finance and DPIIT to save the Retail industry in India under ECLGS 3.0,rai.net.in,https://rai.net.in/COVID-19/ECLGS%20to%20retail_AS_MoF.pdf,RAI_appeals_to_the_Ministry_of_Finance_and_DPIIT_to_save_the_Retail_industry_in__5d5895.pdf,RAI_appeals_to_the_Ministry_of_Finance_and_DPIIT_to_save_the_Retail_industry_in__5d5895.txt,2,233.0,613,2026-02-23T16:49:52.450246
RAI Advocacy,Advocacy Update,DPIIT,rai.net.in,https://rai.net.in/Advocacy_Files/covid-19/ECLGS%20to%20retail_AS_DPIIT.pdf,DPIIT_dd202e.pdf,DPIIT_dd202e.txt,2,235.7,623,2026-02-23T16:49:57.110946
RAI Advocacy,Advocacy Update,"submission,",rai.net.in,https://rai.net.in/Advocacy_Files/representation/RAI_appeal_Footwear_JS_DPIIT.pdf,submission_45610a.pdf,submission_45610a.txt,2,212.9,518,2026-02-23T16:50:00.895430
RAI Advocacy,Advocacy Update,Please click the link to view the representation,rai.net.in,https://rai.net.in/Advocacy_Files/covid-19/RAI_Appeal_Secy_AH_GoI.pdf,Please_click_the_link_to_view_the_representation_6904ef.pdf,Please_click_the_link_to_view_the_representation_6904ef.txt,2,191.0,485,2026-02-23T16:50:05.490001
RAI Advocacy,Advocacy Update,Please click here to view the clarification,rai.net.in,https://rai.net.in/Advocacy_Files/covid-19/Centre_Clarification_poultry.pdf,Please_click_here_to_view_the_clarification_237957.pdf,Please_click_here_to_view_the_clarification_237957.txt,1,758.6,370,2026-02-23T16:50:11.768498
RAI Advocacy,Advocacy Update,"D.O. No. 40-3/2020-DM-I(A), dated 29.08.2020",rai.net.in,https://rai.net.in/Advocacy_Files/covid-19/MHAOrder_Unlock4_29.8.pdf,DO_No_40-32020-DM-IA_dated_29082020_88e8d4.pdf,DO_No_40-32020-DM-IA_dated_29082020_88e8d4.txt,8,6919.7,0,2026-02-23T16:50:39.899874
RAI Advocacy,Advocacy Update,Click here to view the representation.,rai.net.in,https://rai.net.in/Advocacy_Files/RAI-Representation_FSSAI_School-50-Metre-clause.pdf,Click_here_to_view_the_representation_438c04.pdf,Click_here_to_view_the_representation_438c04.txt,6,244.6,2540,2026-02-23T16:50:43.299631
RAI Advocacy,Advocacy Update,Meeting with NITI Aayog,rai.net.in,https://rai.net.in/Advocacy_Files/Support-from-MHA-Final-NITI-Aayog.pdf,Meeting_with_NITI_Aayog_14c2be.pdf,Meeting_with_NITI_Aayog_14c2be.txt,2,145.5,675,2026-02-23T16:50:46.424918
RAI Advocacy,Advocacy Update,Meeting with NITI Aayog,rai.net.in,https://rai.net.in/Advocacy_Files/Support-from-RBI-Final-NITI-Aayog.pdf,Meeting_with_NITI_Aayog_abcddf.pdf,Meeting_with_NITI_Aayog_abcddf.txt,1,142.6,601,2026-02-23T16:50:49.167967
RAI Advocacy,Advocacy Update,click here,rai.net.in,https://rai.net.in/Advocacy_Files/OM%20and%20MoM16_ROI.pdf,click_here_9a8134.pdf,click_here_9a8134.txt,3,226.3,941,2026-02-23T16:50:54.941560
RAI Advocacy,Advocacy Update,click here,rai.net.in,https://www.rai.net.in/Advocacy_Files/Emergency-Credit-Line-Scheme.pdf,click_here_fba1f4.pdf,click_here_fba1f4.txt,9,212.2,3347,2026-02-23T16:50:59.697850
RAI Advocacy,Advocacy Update,click here,rai.net.in,https://rai.net.in/Advocacy_Files/Covid%2019%20RBI%20circular.PDF,click_here_c27520.pdf,click_here_c27520.txt,3,137.7,777,2026-02-23T16:51:03.475258
RAI Advocacy,Advocacy Update,Click here to view the proposal.,rai.net.in,https://rai.net.in/Advocacy_Files/Proposal-for-consultation-LM.docx.pdf,Click_here_to_view_the_proposal_09570a.pdf,Click_here_to_view_the_proposal_09570a.txt,8,179.9,2939,2026-02-23T16:51:08.482069
RAI Advocacy,Advocacy Update,(Click here to view RAI's comments ),rai.net.in,http://rai.net.in/Advocacy_Files/August/Decriminalization%20of%20LMA_RAI%20suggestions.pdf,Click_here_to_view_RAIs_comments_fbcf89.pdf,Click_here_to_view_RAIs_comments_fbcf89.txt,5,318.0,1677,2026-02-23T16:51:16.795513
RAI Advocacy,Advocacy Update,Click here to view the minutes of the first meeting on 24 hours working.,rai.net.in,https://rai.net.in/Advocacy_Files/Mumbai-24-Hrs-ON-Guidelines.pdf,Click_here_to_view_the_minutes_of_the_first_meeting_on_24_hours_working_035eb5.pdf,Click_here_to_view_the_minutes_of_the_first_meeting_on_24_hours_working_035eb5.txt,3,247.1,1770,2026-02-23T16:51:21.679327
RAI Advocacy,Advocacy Update,Click here to view the notification,rai.net.in,http://www.rai.net.in/E-Mailers/Advocacy-update/24x7-store-opening-permission-Karnataka.pdf,Click_here_to_view_the_notification_1819a9.pdf,Click_here_to_view_the_notification_1819a9.txt,2,55.1,1002,2026-02-23T16:51:25.262163
RAI Advocacy,Advocacy Update,Click here to view the order copy,rai.net.in,http://www.rai.net.in/E-Mailers/Advocacy-update/WP-No-51723-of-2019-Retailer-Association.pdf,Click_here_to_view_the_order_copy_4b585a.pdf,Click_here_to_view_the_order_copy_4b585a.txt,11,3561.2,2017,2026-02-23T16:51:45.738618
RAI Advocacy,Advocacy Update,Click here to view the notification,rai.net.in,http://www.rai.net.in/E-Mailers/Advocacy-update/Revised-Minimum-Wages-in-Maharashtra.pdf,Click_here_to_view_the_notification_658bef.pdf,Click_here_to_view_the_notification_658bef.txt,6,2261.7,18,2026-02-23T16:51:54.287589
RAI Advocacy,Advocacy Update,Click here to view the notification.,rai.net.in,https://rai.net.in/Advocacy_Files/Maharashtra_Plastic_and_Thermocol_Products_28june19.pdf,Click_here_to_view_the_notification_6d4fb3.pdf,Click_here_to_view_the_notification_6d4fb3.txt,4,67.8,1039,2026-02-23T16:51:57.316630
RAI Advocacy,Advocacy Update,Click here to view the notification.,rai.net.in,https://rai.net.in/Advocacy_Files/TN-24x7-Notification.pdf,Click_here_to_view_the_notification_023a9b.pdf,Click_here_to_view_the_notification_023a9b.txt,3,540.7,0,2026-02-23T16:52:00.930599
RAI Advocacy,Advocacy Update,Click here to view the representation,rai.net.in,https://rai.net.in/E-Mailers/Advocacy-update/Representation-Amendment-Section-49A.pdf,Click_here_to_view_the_representation_36d70c.pdf,Click_here_to_view_the_representation_36d70c.txt,3,1073.4,1305,2026-02-23T16:52:05.662337
RAI Advocacy,Advocacy Update,Click here to view the notification.,rai.net.in,http://www.rai.net.in/E-Mailers/Advocacy-update/notfctn-16-central-tax-english-2019[5196].pdf,Click_here_to_view_the_notification_f245e0.pdf,Click_here_to_view_the_notification_f245e0.txt,26,431.9,6621,2026-02-23T16:52:10.244499
RAI Advocacy,Advocacy Update,Click here to view the policy,rai.net.in,http://www.rai.net.in/E-Mailers/Advocacy-update/Haryana-Logistics-Warehousing-&-Retail-Policy.pdf,Click_here_to_view_the_policy_02f4d8.pdf,Click_here_to_view_the_policy_02f4d8.txt,19,253.2,5498,2026-02-23T16:52:14.938425
RAI Advocacy,Advocacy Update,Click here to view the RAI submission.,rai.net.in,https://rai.net.in/E-Mailers/Advocacy-update/RAI-Suggestions-to-CDDP.pdf,Click_here_to_view_the_RAI_submission_c3ab80.pdf,Click_here_to_view_the_RAI_submission_c3ab80.txt,3,707.1,1336,2026-02-23T16:52:19.755000
RAI Advocacy,Advocacy Update,Click here to view the order copy.,rai.net.in,https://rai.net.in/E-Mailers/Advocacy-update/WP-Nos-40652-653%20of%202018-Retailers-Association-of-India.pdf,Click_here_to_view_the_order_copy_9e472d.pdf,Click_here_to_view_the_order_copy_9e472d.txt,4,1152.5,570,2026-02-23T16:52:30.789601
RAI Advocacy,Advocacy Update,click here to view the renewed notification,rai.net.in,http://www.rai.net.in/E-Mailers/Advocacy-update/renewed-notification-west-bengal.pdf,click_here_to_view_the_renewed_notification_7dd36b.pdf,click_here_to_view_the_renewed_notification_7dd36b.txt,1,173.0,0,2026-02-23T16:52:37.631709
RAI Advocacy,Advocacy Update,click here to view the representation,rai.net.in,http://www.rai.net.in/E-Mailers/Advocacy-update/365-days-store-opening_WB_069.pdf,click_here_to_view_the_representation_338d32.pdf,click_here_to_view_the_representation_338d32.txt,2,569.2,726,2026-02-23T16:52:41.939913
RAI Advocacy,Advocacy Update,Click here to view the representation.,rai.net.in,http://www.rai.net.in/E-Mailers/Advocacy-update/RAI-representation_BBMP_054.pdf,Click_here_to_view_the_representation_5550f3.pdf,Click_here_to_view_the_representation_5550f3.txt,4,286.4,1862,2026-02-23T16:52:48.311487
RAI Advocacy,Advocacy Update,Click here to view the Judgemen,rai.net.in,http://www.rai.net.in/E-Mailers/Advocacy-update/Delhi-Minimum-wages-judgment-2018.pdf,Click_here_to_view_the_Judgemen_aa1656.pdf,Click_here_to_view_the_Judgemen_aa1656.txt,218,1388.5,56322,2026-02-23T16:52:58.873796
RAI Advocacy,Advocacy Update,notification dated 23rd March 2018,rai.net.in,http://www.rai.net.in/E-Mailers/Advocacy-update/Maharashtra-Plastic-Ban-23.03.18.pdf,notification_dated_23rd_March_2018_224d22.pdf,notification_dated_23rd_March_2018_224d22.txt,24,1299.4,4919,2026-02-23T16:53:06.620099
RAI Advocacy,Advocacy Update,notification on 11th April 2018,rai.net.in,http://www.rai.net.in/E-Mailers/Advocacy-update/11th-April-2018-Plastic-ban-Maharashtra.pdf,notification_on_11th_April_2018_13abd3.pdf,notification_on_11th_April_2018_13abd3.txt,3,69.8,1013,2026-02-23T16:53:10.045223
RAI Advocacy,Advocacy Update,notification dated 30th June 2018,rai.net.in,http://www.rai.net.in/E-Mailers/Advocacy-update/Maharashtra-Plastic-Ban-Gazette-2nd-July-2018.pdf,notification_dated_30th_June_2018_dc80fe.pdf,notification_dated_30th_June_2018_dc80fe.txt,6,169.7,2645,2026-02-23T16:53:13.851031
RAI Advocacy,Advocacy Update,Click here to view the advisory.,rai.net.in,http://www.rai.net.in/E-Mailers/Advocacy-update/LM-Advisory-14-June-2018.pdf,Click_here_to_view_the_advisory_5750c4.pdf,Click_here_to_view_the_advisory_5750c4.txt,2,717.6,0,2026-02-23T16:53:19.655819
RAI Advocacy,Advocacy Update,Click here to view the notification,rai.net.in,http://www.rai.net.in/E-Mailers/Advocacy-update/Karnataka-Minimum-Wages-English-and-kannada.pdf,Click_here_to_view_the_notification_e4c85b.pdf,Click_here_to_view_the_notification_e4c85b.txt,13,2837.3,2054,2026-02-23T16:53:25.942940
RAI Advocacy,Advocacy Update,Click here to view the representation,rai.net.in,http://www.rai.net.in/E-Mailers/Advocacy-update/Karnataka-MW-regd-Min-Lab-007.pdf,Click_here_to_view_the_representation_1c43b0.pdf,Click_here_to_view_the_representation_1c43b0.txt,2,153.7,684,2026-02-23T16:53:30.902701
RAI Advocacy,Advocacy Update,Click here to view the interim order,rai.net.in,http://www.rai.net.in/E-Mailers/Advocacy-update/Retailers-Association-of-India-INTERIM-ORDER-MINIMUM-WAGES-050.pdf,Click_here_to_view_the_interim_order_61ccad.pdf,Click_here_to_view_the_interim_order_61ccad.txt,2,357.6,0,2026-02-23T16:53:34.631121
RAI Advocacy,Advocacy Update,Click here to view the order.,rai.net.in,http://www.rai.net.in/E-Mailers/Advocacy-update/RAI-order-dated-14.10.2011.pdf,Click_here_to_view_the_order_2ac6ff.pdf,Click_here_to_view_the_order_2ac6ff.txt,5,87.0,0,2026-02-23T16:53:37.959055
RAI Advocacy,Advocacy Update,Click here to view the order.,rai.net.in,http://www.rai.net.in/E-Mailers/Advocacy-update/05.04.18.pdf,Click_here_to_view_the_order_181278.pdf,Click_here_to_view_the_order_181278.txt,13,62.6,2202,2026-02-23T16:53:44.537755
RAI Advocacy,Advocacy Update,Click here to view the representation.,rai.net.in,http://www.rai.net.in/E-Mailers/Advocacy-update/Clarification-wrt-Maharashtra-Shops-&-Establishment-Act-2017.pdf,Click_here_to_view_the_representation_1c109d.pdf,Click_here_to_view_the_representation_1c109d.txt,2,190.6,626,2026-02-23T16:53:49.138585
RAI Advocacy,Advocacy Update,Click here to view the clarification issued by the State Government.,rai.net.in,http://www.rai.net.in/E-Mailers/Advocacy-update/Shop-Act-2017-RAI.pdf,Click_here_to_view_the_clarification_issued_by_the_State_Government_4eaf0f.pdf,Click_here_to_view_the_clarification_issued_by_the_State_Government_4eaf0f.txt,1,271.4,17,2026-02-23T16:53:53.259623
RAI Advocacy,Advocacy Update,Click here to View,rai.net.in,http://www.rai.net.in/E-Mailers/Advocacy-update/MH-S&E-Regu-of-Emp-&-Conditions-of-Service-Act-2017.pdf,Click_here_to_View_a26122.pdf,Click_here_to_View_a26122.txt,14,147.4,7481,2026-02-23T16:53:56.021767
RAI Advocacy,Advocacy Update,Click here to View,rai.net.in,http://www.rai.net.in/E-Mailers/365-days-store-opening-permission-for-retail-establishments-in-Andhra-Pradesh.pdf,Click_here_to_View_7afdd9.pdf,Click_here_to_View_7afdd9.txt,2,1582.3,1042,2026-02-23T16:54:02.568690
RAI Advocacy,Advocacy Update,Click here to View,rai.net.in,https://rai.net.in/E-Mailers/Telangana-365-days-notification_16.06.16.PDF,Click_here_to_View_78af74.pdf,Click_here_to_View_78af74.txt,2,50.9,749,2026-02-23T16:54:05.828196
RAI Advocacy,Advocacy Update,Click here to View,rai.net.in,http://www.rai.net.in/E-Mailers/Advocacy-update/Madhya-Pradesh-365-days-notification.pdf,Click_here_to_View_afbc11.pdf,Click_here_to_View_afbc11.txt,2,766.1,0,2026-02-23T16:54:11.624885
RAI Advocacy,Advocacy Update,Click here to View,rai.net.in,http://www.rai.net.in/E-Mailers/Advocacy-update/Delhi-365-days-notification.pdf,Click_here_to_View_8d6d37.pdf,Click_here_to_View_8d6d37.txt,1,255.6,0,2026-02-23T16:54:17.796393
RAI Advocacy,Advocacy Update,Click here to View,rai.net.in,http://www.rai.net.in/365-days-store-opening-permission-Gov-of-Gujarat.pdf,Click_here_to_View_92423d.pdf,Click_here_to_View_92423d.txt,3,1351.2,0,2026-02-23T16:54:23.637977
RAI Advocacy,Advocacy Update,Click here to View,rai.net.in,http://www.rai.net.in/E-Mailers/Advocacy-update/Punjab-365-days-notification-2017-2018.pdf,Click_here_to_View_1884ba.pdf,Click_here_to_View_1884ba.txt,4,109.7,1023,2026-02-23T16:54:28.292316
RAI Advocacy,Advocacy Update,Click here to View,rai.net.in,http://www.rai.net.in/E-Mailers/365-days-Store-opening-Tamilnadu.pdf,Click_here_to_View_c8af5f.pdf,Click_here_to_View_c8af5f.txt,3,596.9,0,2026-02-23T16:54:38.125550
RAI Advocacy,Advocacy Update,Please click here to view the notification,rai.net.in,http://www.rai.net.in/E-Mailers/Advocacy-update/Gazette-Search.pdf,Please_click_here_to_view_the_notification_36d68f.pdf,Please_click_here_to_view_the_notification_36d68f.txt,24,1299.4,4919,2026-02-23T16:54:54.173738
RAI Advocacy,Advocacy Update,Click here to view the representation.,rai.net.in,http://www.rai.net.in/E-Mailers/Advocacy-update/RAI-representation-Plastic-Ban-Env-Maharashtra.pdf,Click_here_to_view_the_representation_94d22a.pdf,Click_here_to_view_the_representation_94d22a.txt,6,931.8,2186,2026-02-23T16:55:06.489912
RAI Advocacy,Advocacy Update,Read the official notification here...,rai.net.in,http://www.rai.net.in/E-Mailers/Advocacy-update/Subsidizing-MDR-by-Govt.pdf,Read_the_official_notification_here_02ef3e.pdf,Read_the_official_notification_here_02ef3e.txt,4,2168.4,0,2026-02-23T16:55:21.730089
RAI Advocacy,Advocacy Update,click here to view the communication,rai.net.in,http://www.rai.net.in/Ban-Plastic-carry-bags.pdf,click_here_to_view_the_communication_5430c4.pdf,click_here_to_view_the_communication_5430c4.txt,1,462.2,0,2026-02-23T16:55:27.256431
RAI Advocacy,Advocacy Update,click here,rai.net.in,http://www.rai.net.in/E-Mailers/Minutes_21.09.2017_Shri%20Yogender%20garg%20ji.pdf,click_here_4a9844.pdf,click_here_4a9844.txt,8,528.4,2373,2026-02-23T16:55:32.517415
RAI Advocacy,Advocacy Update,click here,rai.net.in,http://www.rai.net.in/E-Mailers/Haryana-Draft-Retail-Policy-2017.pdf,click_here_824590.pdf,click_here_824590.txt,9,167.2,3419,2026-02-23T16:55:41.150456
RAI Advocacy,Advocacy Update,click here,rai.net.in,http://www.rai.net.in/E-Mailers/RAIrepresentation_GST%20on%20tailoring_CBEC_378.pdf,click_here_ac9545.pdf,click_here_ac9545.txt,2,383.3,826,2026-02-23T16:55:46.213525
RAI Advocacy,Advocacy Update,click here to view the recent representation,rai.net.in,http://www.rai.net.in/E-Mailers/RAI-representation-GST-intra-state-B2C-invoice-FM-GOI.pdf,click_here_to_view_the_recent_representation_30adc5.pdf,click_here_to_view_the_recent_representation_30adc5.txt,3,178.5,1129,2026-02-23T16:55:50.257482
RAI Advocacy,Advocacy Update,click here,rai.net.in,http://www.rai.net.in/365-days-store-opening-permission-in-Gujarat-PSec-Lab-333.pdf,click_here_355dfd.pdf,click_here_355dfd.txt,2,155.1,774,2026-02-23T16:55:55.844932
RAI Advocacy,Advocacy Update,click here,rai.net.in,http://www.rai.net.in/E-Mailers/Tamilnadu-365-days-store-opening-renewal-Hon%20Secretary-Labour_322.pdf,click_here_fa3450.pdf,click_here_fa3450.txt,1,128.3,505,2026-02-23T16:56:00.815165
RAI Advocacy,Advocacy Update,click here,rai.net.in,http://www.rai.net.in/E-Mailers/notification-Labour-Dep-English.pdf,click_here_eafd11.pdf,click_here_eafd11.txt,3,412.9,0,2026-02-23T16:56:06.671080
RAI Advocacy,Advocacy Update,Click here to download,rai.net.in,http://www.rai.net.in/E-Mailers/FSSAI_RetailStoreX17.pdf,Click_here_to_download_ab4d1e.pdf,Click_here_to_download_ab4d1e.txt,1,132.6,190,2026-02-23T16:56:10.747080
RAI Advocacy,Advocacy Update,Click here to download the notification,rai.net.in,http://www.rai.net.in/E-Mailers/Advocacy-update/24x7-Maharashtra-2017-notification.pdf,Click_here_to_download_the_notification_bd9a86.pdf,Click_here_to_download_the_notification_bd9a86.txt,6,156.4,1341,2026-02-23T16:56:19.126308
RAI Advocacy,Advocacy Update,click here,rai.net.in,"http://www.rai.net.in/E-Mailers/Amendments-in-the-Legal-Metrology-(Packaged-Commodities)-Rules,2011.pdf",click_here_5d5ae3.pdf,click_here_5d5ae3.txt,9,2449.5,0,2026-02-23T16:56:31.200366
RAI Advocacy,Advocacy Update,click here,rai.net.in,http://www.rai.net.in/E-Mailers/Prohibition-of-Installation-of-Boilers.pdf,click_here_5220df.pdf,click_here_5220df.txt,2,658.4,394,2026-02-23T16:56:37.570050
RAI Advocacy,Advocacy Update,Click here,rai.net.in,http://www.rai.net.in/E-Mailers/Legal-Metrology-Notification-19122016.pdf,Click_here_36b644.pdf,Click_here_36b644.txt,2,456.5,0,2026-02-23T16:56:43.779110
RAI Advocacy,Advocacy Update,Click here,rai.net.in,http://www.rai.net.in/E-Mailers/LM-notification20161121114106452.pdf,Click_here_4343e4.pdf,Click_here_4343e4.txt,2,254.0,0,2026-02-23T16:56:48.014484
RAI Advocacy,Advocacy Update,Click here,rai.net.in,http://www.rai.net.in/E-Mailers/GSR-385(E-14.5.15.pdf,Click_here_a02aa9.pdf,Click_here_a02aa9.txt,3,1087.0,0,2026-02-23T16:56:54.558590
RAI Advocacy,Advocacy Update,Click here,rai.net.in,http://www.rai.net.in/E-Mailers/Extension-of-LM-Rule-7-5-dispensation_upto_31March2017.pdf,Click_here_dbba7c.pdf,Click_here_dbba7c.txt,1,234.2,0,2026-02-23T16:56:57.523275
RAI Advocacy,Advocacy Update,here,rai.net.in,http://www.rai.net.in/E-Mailers/Central_Model_S&E_Act_Proposal.pdf,here_f5d7cd.pdf,here_f5d7cd.txt,22,1472.5,6109,2026-02-23T16:57:05.208498
RAI Advocacy,Advocacy Update,here,rai.net.in,https://rai.net.in/E-Mailers/Karnataka-Retail-Trade-Policy-2016.pdf,here_c2c21f.pdf,here_c2c21f.txt,19,1719.2,5151,2026-02-23T16:57:13.943414
RAI Advocacy,Advocacy Update,here,rai.net.in,http://www.rai.net.in/E-Mailers/Insecticide-Representation.pdf,here_b9f872.pdf,here_b9f872.txt,2,165.0,979,2026-02-23T16:57:21.140030
RAI Advocacy,Advocacy Update,click here,rai.net.in,http://www.rai.net.in/E-Mailers/RAI-Press-conference-press-release_final.pdf,click_here_e3d027.pdf,click_here_e3d027.txt,1,228.4,485,2026-02-23T16:57:25.880001
RAI Advocacy,Advocacy Update,click here,rai.net.in,http://www.rai.net.in/E-Mailers/DIPP-issues-notification.pdf,click_here_70c9d6.pdf,click_here_70c9d6.txt,3,137.7,0,2026-02-23T16:57:29.406140
RAI Advocacy,Advocacy Update,here,rai.net.in,http://www.rai.net.in/E-Mailers/Maharashtra-365-days-store-opening-notification_2016.pdf,here_bfd57d.pdf,here_bfd57d.txt,6,1545.5,0,2026-02-23T16:57:37.536622
RAI Advocacy,Advocacy Update,here,rai.net.in,http://www.rai.net.in/E-Mailers/365-days-Tamil-Nadu.pdf,here_32848e.pdf,here_32848e.txt,4,331.6,0,2026-02-23T16:57:42.791360
RAI Advocacy,Advocacy Update,Click here,rai.net.in,http://www.rai.net.in/E-Mailers/Maharashtra-Retail-Trade-Policy.pdf,Click_here_41e7c1.pdf,Click_here_41e7c1.txt,16,7926.7,0,2026-02-23T16:58:23.683864
RAI Advocacy,Advocacy Update,Click here,rai.net.in,http://www.rai.net.in/E-Mailers/Retail-Trade-Policy-2016.pdf,Click_here_276a7b.pdf,Click_here_276a7b.txt,12,141.0,4533,2026-02-23T16:58:27.446482
RAI Advocacy,Advocacy Update,here,rai.net.in,https://rai.net.in/E-Mailers/forest.pdf,here_b5437b.pdf,here_b5437b.txt,2,464.2,0,2026-02-23T16:58:33.890098
RAI Advocacy,Advocacy Update,here,rai.net.in,https://rai.net.in/E-Mailers/RAI%20Representation_Moef_Kar.PDF,here_596998.pdf,here_596998.txt,4,604.9,1705,2026-02-23T16:58:40.546786
RAI Advocacy,Advocacy Update,here,rai.net.in,http://www.rai.net.in/E-Mailers/Trade%20Circular_15T.PDF,here_e8f389.pdf,here_e8f389.txt,3,160.2,0,2026-02-23T16:58:44.450421
RAI Advocacy,Advocacy Update,here,rai.net.in,http://www.rai.net.in/E-Mailers/Issuance%20of%20tax%20invoice_Mumbai.pdf,here_b7f0b9.pdf,here_b7f0b9.txt,4,401.2,1171,2026-02-23T16:58:48.835798
RAI Advocacy,Advocacy Update,Click here.,rai.net.in,http://www.rai.net.in/E-Mailers/Submission-and-Representation-DIPP-Single-Brand-Ecommerce.pdf,Click_here_721e56.pdf,Click_here_721e56.txt,6,719.2,2098,2026-02-23T16:58:56.130689
RAI Advocacy,Advocacy Update,here.,rai.net.in,https://rai.net.in/E-Mailers/Gov_of_karnataka.pdf,here_b1da29.pdf,here_b1da29.txt,8,1176.5,1263,2026-02-23T16:59:01.677182
RAI Advocacy,Advocacy Update,click here,rai.net.in,https://rai.net.in/images/advocacy/Shops_&_Establishment_notification-Telangana.pdf,click_here_7ba531.pdf,click_here_7ba531.txt,2,47.2,729,2026-02-23T16:59:04.141568
RAI Advocacy,Advocacy Update,click here,rai.net.in,https://rai.net.in/images/advocacy/Cross_Matching_of_Input_Tax_Credit.pdf,click_here_149988.pdf,click_here_149988.txt,3,502.6,1163,2026-02-23T16:59:10.907193
RAI Advocacy,Advocacy Update,here,rai.net.in,https://rai.net.in/images/advocacy/RAI_ESI_Represenation.pdf,here_2a3e35.pdf,here_2a3e35.txt,2,235.2,805,2026-02-23T16:59:15.580112
RAI Advocacy,Advocacy Update,click here,rai.net.in,https://rai.net.in/images/advocacy/Retailers-Vs-UOI-writ-No.2015-%20DHC.pdf,click_here_85837a.pdf,click_here_85837a.txt,986,22838.2,0,2026-02-23T17:00:54.600593
RAI Advocacy,Advocacy Update,here,rai.net.in,https://rai.net.in/images/advocacy/Electonic_Data_maintainace.pdf,here_b8f8c4.pdf,here_b8f8c4.txt,3,144.5,758,2026-02-23T17:01:01.880957
RAI Advocacy,Advocacy Update,here,rai.net.in,https://rai.net.in/images/advocacy/Maharashtra-365-days-notification.pdf,here_4132a0.pdf,here_4132a0.txt,6,114.6,0,2026-02-23T17:01:06.620069
RAI Advocacy,Advocacy Update,here,rai.net.in,https://rai.net.in/images/advocacy/Pharmacy_outlets%20permitted_to_sell_bathroom_weighing_machine_and_BMI_(Body_Mass_Index)_machine..pdf,here_0b277c.pdf,here_0b277c.txt,3,273.6,0,2026-02-23T17:01:16.564488
RAI Advocacy,Advocacy Update,here,rai.net.in,https://rai.net.in/images/advocacy/Representation_PMC.pdf,here_b9e1ac.pdf,here_b9e1ac.txt,2,486.0,644,2026-02-23T17:01:20.604354
RAI Advocacy,Advocacy Update,here,rai.net.in,https://rai.net.in/images/advocacy/PC_Rules_under_LM_Act.pdf,here_b245fa.pdf,here_b245fa.txt,2,83.7,539,2026-02-23T17:01:24.324193
RAI Advocacy,Advocacy Update,here,rai.net.in,https://rai.net.in/images/advocacy/Representation%20_Diwali.pdf,here_532ad9.pdf,here_532ad9.txt,2,544.2,707,2026-02-23T17:01:30.712886
RAI Advocacy,Advocacy Update,here,rai.net.in,https://rai.net.in/images/advocacy/Diwali_notification.pdf,here_52ffa1.pdf,here_52ffa1.txt,2,428.1,509,2026-02-23T17:01:37.317411
RAI Advocacy,Advocacy Update,here,rai.net.in,https://rai.net.in/images/advocacy/FSSAI_License_040814_extension.pdf,here_2e5611.pdf,here_2e5611.txt,1,166.6,0,2026-02-23T17:01:42.088762
RAI Advocacy,Advocacy Update,here,rai.net.in,https://rai.net.in/images/advocacy/Representation%20seeking%20extension%20in%20working%20hours.pdf,here_e46af8.pdf,here_e46af8.txt,2,276.9,511,2026-02-23T17:01:45.598869
RAI Advocacy,Advocacy Update,here,rai.net.in,https://rai.net.in/images/advocacy/DGFT.pdf,here_72ff49.pdf,here_72ff49.txt,2,436.5,715,2026-02-23T17:01:52.847690
RAI Advocacy,Advocacy Update,here,rai.net.in,https://rai.net.in/images/advocacy/51508376_Feedback_on_DIPP.pdf,here_1dfbea.pdf,here_1dfbea.txt,5,590.0,1361,2026-02-23T17:01:58.761294
RAI Advocacy,Advocacy Update,here,rai.net.in,https://rai.net.in/images/advocacy/Advisory_on_extension_FBO_License.pdf,here_c58008.pdf,here_c58008.txt,1,36.1,0,2026-02-23T17:02:01.227100
RAI Advocacy,Advocacy Update,here.,rai.net.in,https://rai.net.in/images/advocacy/Representation_Labour_Secy_E-Documents.pdf,here_a8e5b3.pdf,here_a8e5b3.txt,3,108.3,636,2026-02-23T17:02:04.231720
RAI Advocacy,Advocacy Update,here,rai.net.in,https://rai.net.in/images/advocacy/Representation_to_Commissioner_of_Commercial_Taxes_Karnataka.pdf,here_56c214.pdf,here_56c214.txt,3,110.1,862,2026-02-23T17:02:06.988568
RAI Advocacy,Advocacy Update,here..,rai.net.in,https://rai.net.in/images/advocacy/Notification.pdf,here_b5e03c.pdf,here_b5e03c.txt,2,1529.4,0,2026-02-23T17:02:22.025458
RAI Advocacy,Advocacy Update,here,rai.net.in,https://rai.net.in/images/advocacy/Representation%20to%20MCA_CSR.pdf,here_6dbebd.pdf,here_6dbebd.txt,6,45.9,1569,2026-02-23T17:02:24.946492
RAI Advocacy,Advocacy Update,Click here,rai.net.in,https://rai.net.in/images/advocacy/Zero%20per%20cent%20EMI%20schemes.pdf,Click_here_ef04b5.pdf,Click_here_ef04b5.txt,2,103.8,352,2026-02-23T17:02:27.920850
RAI Advocacy,Advocacy Update,click here,rai.net.in,https://rai.net.in/images/advocacy/RAI_s_Submission_to_Insecticide_Board.pdf,click_here_ce372e.pdf,click_here_ce372e.txt,3,113.0,930,2026-02-23T17:02:30.706342
RAI Advocacy,Advocacy Update,here.,rai.net.in,https://rai.net.in/images/advocacy/ShomeCommitteeDisputes.pdf,here_be2ca5.pdf,here_be2ca5.txt,1,7.3,326,2026-02-23T17:02:33.279447
RAI Advocacy,Advocacy Update,here,rai.net.in,https://rai.net.in/images/paper-bags.pdf,here_94f774.pdf,here_94f774.txt,4,326.0,1509,2026-02-23T17:02:37.707926
RAI Advocacy,Advocacy Update,click here,rai.net.in,https://rai.net.in/E-Mailers/Removal-of-(Licensing-Requirements-Stock-Limits-and-Movement-Restriction.pdf,click_here_65a7bd.pdf,click_here_65a7bd.txt,3,89.9,1162,2026-02-23T17:02:40.567204
RAI Advocacy,Advocacy Update,Please click here to view RAI representation,rai.net.in,http://www.rai.net.in/E-Mailers/RAI-representation-Seeking-reduction-in-GST-levy-on-Job-work-in-Textile-sector.pdf,Please_click_here_to_view_RAI_representation_4d4967.pdf,Please_click_here_to_view_RAI_representation_4d4967.txt,3,330.1,846,2026-02-23T17:02:45.098525
